{"cameraMode":{"drawMode":0,"name":"Shaded","section":"Shading Mode"},"sceneLighting":true,"audioPlay":false,"sceneViewState":{"showFog":false,"showMaterialUpdate":false,"showSkybox":false,"showFlares":false,"showImageEffects":false,"showParticleSystems":false},"in2DMode":false,"pivot":{"x":-3.4296834468841554,"y":-0.1934388130903244,"z":-0.9123930931091309},"rotation":{"x":-0.18786291778087617,"y":0.663145124912262,"z":-0.1773413121700287,"w":-0.7024865746498108},"size":21.544878005981447,"orthographic":false}